prep4;754;5
prep4;754;5
prep4;754;4
prep4;755;6
prep5;754;9
prep5;754;6
prep5;754;7
prep5;754;5
prep5;754;6
prep5;754;8
prep5;755;8
prep5;755;8
prep5;756;5
prep5;756;6
prep5;756;5
prep5;756;6
prep5;756;5
prep6;751;7
prep6;753;7
prep6;753;4
prep6;753;5
prep6;755;9
prep6;755;6
prep6;755;5
prep6;755;7
prep6;756;9
prep6;756;7
prep6;756;4
prep6;756;10
prep7;752;5
prep7;752;5
prep7;752;7
prep7;752;7
prep7;752;10
prep7;752;8
prep7;752;5
prep7;753;10
prep7;753;10
prep7;753;8
prep7;755;8
prep7;755;8
prep7;755;5
prep7;756;5
prep7;756;5
prep7;756;8